episode,ticker,friction_mode,total_reward,final_balance,growth_pct,benchmark_pct,alpha_vs_bh_pct,sharpe,sortino,num_trades,win_rate,max_drawdown,avg_dir_mean,std,new_best,is_bankrupt
1,XLE,low,-12.0651,9987.45,-0.13,-2.84,2.71,-7.0771,-6.9505,23,0.3478,0.0014,-0.7304,0.4455,False,False,True
2,NVDA,low,13.5797,10035.43,0.35,11.11,-10.76,5.096,7.9243,18,0.3333,0.0035,-0.8293,0.4411,True,False,False
1,IWM,low,-3.4545,10000.92,0.01,-1.27,1.28,0.2492,0.3602,24,0.4583,0.0024,-0.6886,0.4367,False,False,True
2,IWM,low,27.6835,9996.05,-0.04,-1.32,1.28,-0.8899,-0.624,26,0.3077,0.0022,-0.6494,0.4323,False,False,True
3,XBI,low,-36.0589,9953.99,-0.46,-11.7,11.24,-8.943,-7.2806,22,0.2273,0.0054,-0.8667,0.428,False,False,True
4,GLD,low,-24.2835,9995.52,-0.04,-2.35,2.31,-1.6136,-2.0597,29,0.4483,0.0017,-0.5788,0.4237,False,False,True
5,GLD,low,-26.9524,9977.54,-0.22,-3.53,3.31,-8.5868,-5.6434,33,0.303,0.0025,-0.5385,0.4195,False,False,True
1,AAPL,low,-1.9799,9982.38,-0.18,3.71,-3.89,-6.7662,-5.9176,25,0.36,0.002,-0.6228,0.4153,False,False,False
2,XLE,low,-14.3865,9987.95,-0.12,0.28,-0.4,-3.0111,-4.1738,19,0.2105,0.003,-0.6981,0.4112,False,False,False
3,GLD,low,-18.6448,9993.44,-0.07,-1.17,1.1,-3.2054,-2.639,21,0.4286,0.0011,-0.6074,0.4071,False,False,True
4,XLE,low,2.8405,9973.37,-0.27,-9.53,9.26,-8.1695,-5.5063,25,0.48,0.0033,-0.5634,0.403,False,False,True
5,SPY,low,0.6044,10005.78,0.06,4.77,-4.71,0.7616,1.2429,19,0.3684,0.003,-0.7257,0.399,False,False,True
1,AAPL,low,-6.7142,9987.47,-0.13,-3.11,2.98,-2.7056,-2.8915,23,0.4348,0.003,-0.5608,0.395,False,False,True
2,GLD,low,-2.2089,9996.81,-0.03,2.97,-3.0,-0.8915,-0.9354,21,0.381,0.0023,-0.6855,0.3911,False,False,False
3,GLD,low,34.1181,10021.63,0.22,3.43,-3.21,9.2883,13.4052,17,0.5294,0.0008,-0.7409,0.3872,False,False,True
4,IWM,low,6.2774,9983.51,-0.16,-0.13,-0.03,-3.9879,-4.2597,23,0.3478,0.0026,-0.6485,0.3833,False,False,True
5,NVDA,low,-3.0389,9976.13,-0.24,-9.61,9.37,-5.6052,-4.568,18,0.2778,0.0046,-0.6902,0.3795,False,False,True
6,IWM,low,-20.66,9985.16,-0.15,3.57,-3.72,-5.768,-5.1923,24,0.3333,0.0022,-0.6449,0.3757,False,False,False
7,GLD,low,-10.1735,10029.72,0.3,-5.43,5.73,6.2195,14.4128,17,0.4706,0.0011,-0.6087,0.372,False,False,False
8,GLD,low,-14.4917,9988.23,-0.12,-4.33,4.21,-7.9397,-6.8809,25,0.36,0.0014,-0.6293,0.3682,False,False,True
9,GLD,low,21.1936,10028.07,0.28,5.56,-5.28,7.2613,12.7337,28,0.5,0.001,-0.5181,0.3646,False,False,True
10,GLD,low,16.2106,10032.05,0.32,5.21,-4.89,7.3051,10.1894,32,0.5312,0.0016,-0.4684,0.3609,False,False,True
11,XBI,low,-13.9519,9988.48,-0.12,-2.26,2.14,-1.2555,-1.2196,28,0.5714,0.0036,-0.5425,0.3573,False,False,True
12,XLE,low,9.8245,10036.86,0.37,-1.11,1.48,5.1573,5.6717,30,0.6,0.0019,-0.4417,0.3538,True,False,False
13,GLD,low,-3.2533,9997.84,-0.02,1.9,-1.92,-0.5574,-0.8901,52,0.3077,0.0014,-0.2971,0.3502,False,False,True
14,AAPL,low,-7.4222,9987.05,-0.13,-4.62,4.49,-4.8078,-3.855,42,0.5714,0.0018,-0.2865,0.3467,False,False,True
15,NVDA,low,-4.3336,9966.75,-0.33,-3.89,3.56,-8.3534,-5.0285,27,0.3704,0.0035,-0.2802,0.3433,False,False,True
16,AAPL,low,-11.2783,9988.96,-0.11,1.92,-2.03,-9.9664,-8.1104,47,0.383,0.0011,-0.2201,0.3399,False,False,True
17,NVDA,low,-13.1486,9980.39,-0.2,-1.4,1.2,-10.222,-7.4658,52,0.4231,0.0024,-0.1653,0.3365,False,False,True
18,IWM,low,1.0635,9992.77,-0.07,1.67,-1.74,-6.1288,-4.5018,64,0.2969,0.001,-0.0618,0.3331,False,False,True
19,XLE,low,0.7075,9989.97,-0.1,1.14,-1.24,-8.3486,-5.264,61,0.3115,0.0013,-0.0682,0.3298,False,False,True
20,NVDA,low,0.2393,9985.85,-0.14,-2.54,2.4,-6.6665,-3.234,37,0.3784,0.0018,-0.0589,0.3265,False,False,False
21,GLD,low,-3.706,9992.88,-0.07,2.39,-2.46,-8.7904,-6.5839,61,0.2459,0.0008,-0.0459,0.3232,False,False,False
22,XBI,low,-3.5217,9989.6,-0.1,-2.87,2.77,-9.4943,-5.988,60,0.4,0.0012,-0.0546,0.32,False,False,True
23,XBI,low,4.7044,9977.42,-0.23,-13.82,13.59,-5.7514,-2.8829,57,0.5088,0.0029,-0.0584,0.3168,False,False,False
24,XLE,low,-5.9099,9980.81,-0.19,-1.21,1.02,-11.6852,-7.7628,64,0.3594,0.0022,-0.0666,0.3137,False,False,True
25,IWM,low,16.2145,10007.2,0.07,-7.91,7.98,3.1892,2.4232,59,0.5254,0.0014,-0.0561,0.3105,False,False,True
26,GLD,low,-16.6622,9987.41,-0.13,0.64,-0.77,-14.3189,-8.8962,60,0.2833,0.0013,-0.0661,0.3074,False,False,False
27,IWM,low,-17.7169,9994.68,-0.05,4.78,-4.83,-7.8174,-5.5054,64,0.4219,0.0006,-0.0632,0.3044,False,False,False
28,AAPL,low,-8.7329,9988.95,-0.11,5.73,-5.84,-6.5517,-4.5969,56,0.375,0.0015,-0.0682,0.3013,False,False,False
29,NVDA,low,7.0872,9994.19,-0.06,-20.3,20.24,-4.0458,-2.4765,41,0.4634,0.001,-0.0601,0.2983,False,False,True
30,AAPL,low,-6.8937,9987.83,-0.12,-5.76,5.64,-6.0617,-3.5231,56,0.3214,0.0013,-0.0493,0.2954,False,False,True
31,IWM,low,-11.8017,9995.43,-0.05,0.55,-0.6,-1.5798,-1.1732,56,0.4464,0.002,-0.0401,0.2924,False,False,True
32,GLD,low,-6.0188,9987.13,-0.13,3.47,-3.6,-14.8436,-8.4747,59,0.2373,0.0015,-0.0416,0.2895,False,False,False
33,SPY,low,-12.3898,9994.21,-0.06,-9.9,9.84,-3.8031,-2.7812,54,0.4074,0.0009,-0.0423,0.2866,False,False,True
34,AAPL,low,-7.4349,9991.17,-0.09,-3.91,3.82,-8.2736,-4.8876,63,0.3651,0.0009,-0.0345,0.2838,False,False,False
35,AAPL,low,-18.3398,9989.67,-0.1,-0.36,0.26,-19.7928,-14.881,60,0.3,0.0011,-0.032,0.2809,False,False,False
36,AAPL,low,-0.4191,9985.02,-0.15,-3.12,2.97,-4.7734,-3.1889,47,0.383,0.0023,-0.032,0.2781,False,False,True
37,XBI,low,-50.6556,9983.41,-0.17,-5.17,5.0,-6.2002,-3.319,47,0.383,0.0021,-0.0362,0.2753,False,False,False
38,IWM,low,-20.5749,9987.5,-0.12,-8.32,8.2,-11.5728,-6.3217,52,0.3846,0.0014,-0.0363,0.2726,False,False,True
39,NVDA,low,-11.7085,9991.74,-0.08,2.36,-2.44,-3.124,-1.8348,46,0.4783,0.001,-0.0322,0.2699,False,False,False
40,NVDA,low,0.2016,9995.84,-0.04,6.65,-6.69,-1.0586,-0.7291,58,0.5862,0.0021,-0.0285,0.2672,False,False,False
41,GLD,low,-9.0988,9987.74,-0.12,2.95,-3.07,-11.1777,-5.5747,60,0.3667,0.0013,-0.0274,0.2645,False,False,False
42,GLD,low,-21.1575,9989.83,-0.1,0.12,-0.22,-26.5551,-19.6386,59,0.1864,0.001,-0.019,0.2619,False,False,False
43,SPY,low,-13.7085,9993.52,-0.06,4.56,-4.62,-18.0178,-15.6257,58,0.2241,0.0007,-0.0196,0.2593,False,False,True
44,SPY,low,5.8063,9985.93,-0.14,4.79,-4.93,-5.2655,-2.239,52,0.3846,0.0018,-0.0232,0.2567,False,False,True
45,AAPL,low,-8.8191,9990.87,-0.09,-0.15,0.06,-8.5962,-5.8352,55,0.4,0.0009,-0.0249,0.2541,False,False,False
46,SPY,low,-8.3391,9985.86,-0.14,2.1,-2.24,-6.5298,-3.5885,56,0.4107,0.0019,-0.026,0.2516,False,False,True
47,SPY,low,-8.4134,9992.23,-0.08,1.39,-1.47,-17.2718,-10.532,61,0.3115,0.0008,-0.0345,0.2491,False,False,True
1,USO,low,-2.2182,9987.3,-0.13,-5.77,5.64,-4.5538,-2.3756,47,0.3617,0.0022,-0.0382,0.2491,False,False,True
1,IWM,low,-4.1229,9980.01,-0.2,3.18,-3.38,-8.5508,-4.5536,59,0.3729,0.0022,-0.036,0.2466,False,False,False
2,XLE,low,4.6348,9996.35,-0.04,-0.36,0.32,-1.0819,-0.6231,55,0.5636,0.0016,-0.0367,0.2441,False,False,False
3,NVDA,low,3.0471,9971.72,-0.28,1.78,-2.06,-9.1445,-4.9171,38,0.5,0.0031,-0.0322,0.2417,False,False,False
4,XBI,low,3.4712,9988.79,-0.11,-1.7,1.59,-11.166,-6.6847,53,0.3585,0.0014,-0.0269,0.2393,False,False,False
5,XLE,low,-0.9493,9984.93,-0.15,-0.67,0.52,-11.2353,-6.0078,55,0.5273,0.0015,-0.0249,0.2369,False,False,True
6,AAPL,low,-4.6557,10000.0,-0.0,1.03,-1.03,0.0036,0.0048,55,0.4364,0.0017,-0.0257,0.2345,False,False,False
7,AAPL,low,-9.3586,9988.07,-0.12,2.14,-2.26,-7.9628,-4.9868,57,0.5439,0.0015,-0.0168,0.2322,False,False,True
8,XLE,low,-2.0945,9990.42,-0.1,0.71,-0.81,-3.7996,-1.8475,38,0.4474,0.0019,-0.0075,0.2299,False,False,False
9,NVDA,low,-13.3274,9981.27,-0.19,8.51,-8.7,-15.1993,-9.4084,52,0.3269,0.0022,-0.0024,0.2276,False,False,False
10,GLD,low,-18.384,9995.25,-0.05,-5.47,5.42,-6.9685,-6.7716,55,0.3455,0.0006,-0.0055,0.2253,False,False,True
11,SPY,low,6.179,9990.93,-0.09,1.94,-2.03,-5.383,-3.1144,54,0.3333,0.0013,-0.0059,0.2231,False,False,True
12,NVDA,low,-15.1407,9986.63,-0.13,12.15,-12.28,-10.9922,-7.5823,51,0.3725,0.0019,0.0001,0.2208,False,False,False
13,NVDA,low,-0.8534,9988.5,-0.12,11.9,-12.02,-4.9243,-3.4733,54,0.5,0.0014,0.0114,0.2186,False,False,True
14,IWM,low,-8.7782,9995.16,-0.05,4.06,-4.11,-4.2901,-2.6947,55,0.4364,0.0008,0.0081,0.2165,False,False,True
15,AAPL,low,-12.1552,9993.04,-0.07,2.17,-2.24,-4.2855,-2.8169,55,0.5455,0.0009,0.0028,0.2143,False,False,True
16,IWM,low,3.1053,9991.77,-0.08,9.46,-9.54,-6.1818,-3.9726,50,0.36,0.0008,0.0016,0.2122,False,False,False
17,GLD,low,10.9131,10002.02,0.02,1.1,-1.08,0.7855,0.592,50,0.46,0.0007,0.0047,0.21,False,False,False
18,AAPL,low,-6.1032,9986.68,-0.13,-5.66,5.53,-7.7531,-4.7247,54,0.3704,0.0014,0.0122,0.208,False,False,False
19,GLD,low,4.7098,9996.56,-0.03,-0.78,0.75,-5.2345,-5.2201,55,0.2,0.0003,0.0017,0.2059,False,False,True
20,AAPL,low,0.5387,9998.39,-0.02,6.6,-6.62,-0.3633,-0.4003,53,0.3774,0.0027,0.0097,0.2038,False,False,False
21,SPY,low,1.6971,9996.66,-0.03,-0.84,0.81,-3.072,-1.9443,44,0.3636,0.0008,0.0201,0.2018,False,False,False
22,XBI,low,-0.0433,9983.58,-0.16,-6.28,6.12,-6.65,-3.7725,49,0.4082,0.0023,0.0103,0.1998,False,False,False
23,AAPL,low,-5.1856,9985.67,-0.14,3.91,-4.05,-11.6202,-6.2669,45,0.3556,0.0016,0.0121,0.1978,False,False,True
24,XLE,low,11.0877,10035.02,0.35,-6.67,7.02,5.6947,4.5225,53,0.5472,0.0023,0.0077,0.1958,False,False,True
25,GLD,low,-0.0435,9991.37,-0.09,-4.9,4.81,-16.9903,-12.6329,53,0.2453,0.001,0.0184,0.1939,False,False,False
26,XLE,low,-6.0996,9996.31,-0.04,-4.53,4.49,-3.0265,-2.272,45,0.5111,0.0006,0.0166,0.1919,False,False,True
27,XBI,low,6.0942,9995.2,-0.05,-5.56,5.51,-3.4301,-2.4267,44,0.3864,0.0008,0.0168,0.19,False,False,False
28,NVDA,low,-5.847,9993.91,-0.06,10.8,-10.86,-2.0875,-1.476,49,0.3469,0.0017,0.0205,0.1881,False,False,False
29,GLD,low,7.3004,9992.33,-0.08,-0.17,0.09,-5.3515,-2.3842,49,0.4286,0.001,0.0258,0.1862,False,False,True
30,GLD,low,-2.3832,9997.05,-0.03,2.95,-2.98,-4.5797,-3.236,42,0.2619,0.0006,0.0274,0.1844,False,False,False
1,GLD,low,-17.9197,9992.92,-0.07,-1.83,1.76,-17.5072,-13.1268,45,0.2444,0.0007,0.0384,0.1825,False,False,False
2,XBI,low,-0.987,9993.44,-0.07,8.21,-8.28,-3.4155,-2.0807,41,0.439,0.0013,0.037,0.1807,False,False,True
3,XLE,low,-0.3647,9975.98,-0.24,-1.51,1.27,-15.1319,-6.788,34,0.3235,0.0024,0.0404,0.1789,False,False,True
4,SPY,low,-19.4407,9986.84,-0.13,-2.54,2.41,-7.9299,-5.0773,40,0.475,0.0016,0.0439,0.1771,False,False,True
5,SPY,low,0.7323,9995.06,-0.05,2.89,-2.94,-2.6002,-2.0177,44,0.3864,0.0011,0.0425,0.1754,False,False,True
6,XLE,low,-16.4636,9982.93,-0.17,-3.16,2.99,-6.2564,-2.7774,43,0.4419,0.0019,0.0434,0.1736,False,False,False
7,XBI,low,-10.1903,9989.42,-0.11,-6.43,6.32,-3.1258,-2.5398,37,0.3243,0.0024,0.0414,0.1719,False,False,False
8,SPY,low,-4.2644,9993.52,-0.06,-4.04,3.98,-6.4153,-5.7659,44,0.4091,0.0009,0.0367,0.1702,False,False,False
9,AAPL,low,-1.5392,10000.53,0.01,-0.96,0.97,0.3284,0.2607,38,0.5,0.0007,0.0277,0.1685,False,False,True
10,NVDA,low,-5.9383,9994.37,-0.06,6.31,-6.37,-4.4111,-2.814,39,0.4103,0.0008,0.0292,0.1668,False,False,True
1,NVDA,low,4.4267,10039.82,0.4,24.55,-24.15,5.0494,5.3816,36,0.5833,0.0015,0.0207,0.1651,True,False,False
2,NVDA,low,9.9075,9976.27,-0.24,-12.07,11.83,-6.0881,-2.1843,28,0.5,0.0028,0.0202,0.1635,False,False,False
1,SPY,low,-10.7475,9988.15,-0.12,-8.56,8.44,-9.6598,-6.458,39,0.4103,0.0012,0.027,0.1619,False,False,False
2,SPY,low,-12.3332,9992.64,-0.07,-1.22,1.15,-7.5714,-4.9923,37,0.2973,0.0009,0.0277,0.1602,False,False,True
1,QQQ,low,7.0618,9994.15,-0.06,0.83,-0.89,-2.9797,-1.4994,37,0.5405,0.0012,0.0239,0.1586,False,False,False
2,QQQ,low,4.1042,9989.52,-0.1,-6.12,6.02,-3.2343,-1.7095,36,0.3889,0.0027,0.0228,0.1571,False,False,False
1,QQQ,low,-10.5131,9995.93,-0.04,3.89,-3.93,-2.5742,-2.3632,36,0.2778,0.0013,0.0244,0.1555,False,False,False
2,QQQ,low,0.1453,9996.38,-0.04,4.22,-4.26,-6.8286,-6.1119,34,0.2353,0.0005,0.0211,0.1539,False,False,False
1,QQQ,low,-15.463,9990.74,-0.09,7.21,-7.3,-9.1691,-4.8694,35,0.4,0.0011,0.0307,0.1524,False,False,True
2,QQQ,low,-12.9677,9991.18,-0.09,2.68,-2.77,-4.4897,-2.4469,35,0.3429,0.0014,0.0319,0.1509,False,False,False
1,QQQ,low,3.5923,9998.25,-0.02,3.5,-3.52,-1.7286,-1.1439,34,0.3824,0.0007,0.022,0.1494,False,False,True
2,QQQ,low,-4.55,9991.05,-0.09,9.39,-9.48,-5.5985,-3.3047,32,0.2812,0.0017,0.0174,0.1479,False,False,False
1,QQQ,low,19.5977,9998.97,-0.01,-4.68,4.67,-0.3492,-0.1809,29,0.5517,0.0023,0.0166,0.1464,False,False,True
2,QQQ,low,5.3032,9999.3,-0.01,-9.95,9.94,-0.1852,-0.1777,36,0.4722,0.0015,0.0113,0.145,False,False,True
1,XBI,low,-7.9385,10000.26,0.0,0.11,-0.11,0.0785,0.0452,29,0.4828,0.003,0.0224,0.1435,False,False,True
2,XBI,low,-46.4291,9975.28,-0.25,-6.58,6.33,-8.8136,-3.2329,26,0.3077,0.0026,0.0157,0.1421,False,False,False
1,XBI,low,-0.2004,9992.07,-0.08,-11.7,11.62,-2.4948,-1.7709,35,0.5143,0.0018,0.016,0.1407,False,False,True
2,XBI,low,-16.8031,9978.45,-0.22,-2.01,1.79,-4.695,-2.2599,30,0.3,0.0036,0.0179,0.1393,False,False,False
1,GLD,low,-14.8404,9991.54,-0.08,-0.01,-0.07,-11.9902,-7.2434,25,0.24,0.0009,0.0237,0.1379,False,False,True
2,GLD,low,3.0542,9996.29,-0.04,-1.33,1.29,-2.9818,-2.168,35,0.2857,0.0007,0.0256,0.1365,False,False,False
1,GLD,low,-4.6864,9988.54,-0.11,-6.62,6.51,-4.6031,-1.7747,29,0.3103,0.0014,0.0308,0.1351,False,False,False
2,GLD,low,-6.4293,9992.13,-0.08,-3.31,3.23,-5.0071,-2.8926,29,0.3448,0.0012,0.029,0.1338,False,False,True
1,NVDA,low,-1.2666,9989.17,-0.11,1.35,-1.46,-2.4137,-1.6036,45,0.4444,0.0023,0.0266,0.2319,False,False,True
2,NVDA,low,5.6162,9978.58,-0.21,10.86,-11.07,-6.6667,-4.0403,45,0.4,0.0029,0.0254,0.2296,False,False,False
1,AAPL,low,-10.5233,9981.26,-0.19,2.56,-2.75,-10.7823,-5.3694,57,0.3158,0.0019,0.0279,0.2273,False,False,True
2,SPY,low,-19.2004,9993.61,-0.06,3.77,-3.83,-10.1619,-9.8527,53,0.283,0.0008,0.0335,0.2251,False,False,False
3,XLE,low,2.3954,9993.41,-0.07,5.4,-5.47,-7.4057,-6.151,56,0.3393,0.001,0.0274,0.2228,False,False,False
4,XLE,low,-2.713,9986.16,-0.14,6.38,-6.52,-5.7421,-3.0631,47,0.5532,0.0017,0.0282,0.2206,False,False,True
5,AAPL,low,11.2122,9997.49,-0.03,3.49,-3.52,-1.2206,-0.9579,52,0.4231,0.0014,0.0261,0.2184,False,False,False
6,AAPL,low,-12.0327,9989.96,-0.1,4.97,-5.07,-9.3453,-6.9032,51,0.4314,0.0011,0.0286,0.2162,False,False,True
7,XLE,low,-2.1545,9993.35,-0.07,16.59,-16.66,-2.2053,-1.2874,48,0.4792,0.002,0.0252,0.2141,False,False,False
8,AAPL,low,-18.1736,9984.19,-0.16,-6.13,5.97,-9.8419,-6.1592,50,0.38,0.0018,0.0269,0.2119,False,False,False
9,XLE,low,-0.3028,9996.6,-0.03,-5.48,5.45,-1.5453,-1.1917,52,0.5192,0.0012,0.0274,0.2098,False,False,True
10,XBI,low,1.058,9997.2,-0.03,8.0,-8.03,-1.0312,-0.6685,47,0.4468,0.002,0.0254,0.2077,False,False,True
11,SPY,low,-6.2576,9995.25,-0.05,-0.8,0.75,-4.0168,-4.1519,47,0.383,0.0007,0.0245,0.2057,False,False,True
12,XLE,low,-4.518,9994.88,-0.05,5.82,-5.87,-1.9882,-1.1915,40,0.4,0.002,0.0261,0.2036,False,False,False
13,IWM,low,-18.2404,9994.05,-0.06,5.68,-5.74,-3.5472,-2.8717,48,0.375,0.0009,0.028,0.2016,False,False,True
14,AAPL,low,1.7978,9989.71,-0.1,3.97,-4.07,-5.693,-3.0154,39,0.4359,0.001,0.0256,0.1996,False,False,True
15,NVDA,low,-37.1334,9991.9,-0.08,-2.23,2.15,-2.1712,-1.9103,46,0.4348,0.0024,0.0138,0.1976,False,False,True
16,SPY,low,1.2002,9997.93,-0.02,-2.25,2.23,-2.2032,-2.1229,50,0.34,0.0006,0.0239,0.1956,False,False,True
17,XLE,low,1.6643,9983.05,-0.17,-1.08,0.91,-4.8772,-2.1545,44,0.4545,0.0022,0.0269,0.1937,False,False,True
18,XLE,low,-13.9935,9978.92,-0.21,5.56,-5.77,-17.7337,-8.8854,43,0.3488,0.0021,0.029,0.1917,False,False,True
19,AAPL,low,5.8171,9998.73,-0.01,0.86,-0.87,-0.3216,-0.3071,41,0.439,0.0016,0.023,0.1898,False,False,True
20,NVDA,low,2.0847,9965.82,-0.34,11.3,-11.64,-5.5868,-1.4669,22,0.5,0.0036,0.0171,0.1879,False,False,True
21,XLE,low,-14.5207,9992.25,-0.08,-5.4,5.32,-3.8845,-2.873,46,0.3478,0.0016,0.0152,0.186,False,False,False
22,NVDA,low,-1.3173,9992.7,-0.07,7.89,-7.96,-1.4304,-0.7866,35,0.5714,0.0027,0.0115,0.1842,False,False,True
23,NVDA,low,-0.8714,10008.1,0.08,-0.05,0.13,1.432,0.8861,45,0.5333,0.0029,0.0065,0.1823,False,False,True
24,IWM,low,-8.446,9992.92,-0.07,-2.88,2.81,-7.2123,-5.8485,50,0.4,0.0009,0.0043,0.1805,False,False,True
25,XBI,low,2.4283,9996.33,-0.04,-1.84,1.8,-2.9506,-1.9714,47,0.3404,0.0008,0.0124,0.1787,False,False,False
26,NVDA,low,-0.1549,9980.57,-0.19,7.25,-7.44,-5.1566,-3.2728,33,0.3939,0.0028,0.014,0.1769,False,False,False
27,XBI,low,6.1518,9993.15,-0.07,16.37,-16.44,-1.7663,-1.3155,36,0.3611,0.0024,0.0173,0.1752,False,False,True
28,SPY,low,-4.638,9995.12,-0.05,3.68,-3.73,-14.4817,-10.0474,43,0.1395,0.0005,0.0127,0.1734,False,False,True
29,XBI,low,16.1776,10069.72,0.7,3.47,-2.77,8.5801,9.9078,44,0.5,0.0013,0.0121,0.1717,True,False,False
30,SPY,low,-7.9289,9993.91,-0.06,-4.54,4.48,-7.566,-4.2232,37,0.4324,0.0007,0.0125,0.17,False,False,False
31,SPY,low,1.4541,9995.62,-0.04,-1.19,1.15,-3.0565,-2.36,41,0.3902,0.0008,0.0113,0.1683,False,False,True
32,NVDA,low,6.412,9986.68,-0.13,15.29,-15.42,-5.0148,-3.0616,42,0.4762,0.0018,0.0107,0.1666,False,False,True
33,GLD,low,-14.1629,9991.1,-0.09,-2.61,2.52,-20.0939,-14.663,42,0.2857,0.0009,0.0102,0.165,False,False,True
34,SPY,low,3.4687,9991.11,-0.09,3.24,-3.33,-3.4327,-2.2161,38,0.3158,0.001,0.0032,0.1633,False,False,True
35,AAPL,low,3.1615,9997.79,-0.02,8.7,-8.72,-2.0289,-1.3532,41,0.4634,0.0008,0.0082,0.1617,False,False,False
36,XLE,low,-6.832,9995.12,-0.05,0.17,-0.22,-4.1163,-2.2262,40,0.45,0.0009,0.0171,0.1601,False,False,True
37,IWM,low,0.9904,9993.86,-0.06,1.46,-1.52,-3.6772,-2.5732,36,0.3611,0.0009,0.02,0.1585,False,False,True
38,GLD,low,-0.514,9996.5,-0.03,-0.05,0.02,-8.8742,-6.0588,38,0.2105,0.0004,0.0213,0.1569,False,False,False
39,NVDA,low,-0.2863,9987.23,-0.13,4.6,-4.73,-5.4289,-1.5596,17,0.6471,0.0014,0.0194,0.1553,False,False,True
40,AAPL,low,-2.9141,10015.82,0.16,-4.99,5.15,3.9671,3.8265,36,0.5278,0.0018,0.0123,0.1538,False,False,True
41,GLD,low,-6.8635,9993.8,-0.06,1.26,-1.32,-9.5314,-7.5029,37,0.2432,0.0007,0.0158,0.1522,False,False,True
42,IWM,low,-1.0283,9993.65,-0.06,-7.19,7.13,-2.0498,-1.6756,34,0.5,0.0024,0.0163,0.1507,False,False,False
43,IWM,low,-11.0678,9980.26,-0.2,5.15,-5.35,-11.981,-5.7145,55,0.3455,0.002,0.017,0.2487,False,False,True
44,SPY,low,5.2855,9992.28,-0.08,1.26,-1.34,-17.3306,-13.3104,60,0.2333,0.0008,0.02,0.2462,False,False,False
45,AAPL,low,0.8564,9997.98,-0.02,8.89,-8.91,-0.8435,-0.5949,55,0.4182,0.0011,0.0255,0.2438,False,False,False
46,AAPL,low,0.5076,9992.67,-0.07,-4.89,4.82,-4.2086,-2.4518,55,0.4182,0.0011,0.019,0.2413,False,False,False
47,AAPL,low,6.7059,9989.97,-0.1,4.94,-5.04,-2.744,-1.6463,53,0.3962,0.0024,0.0197,0.2389,False,False,False
48,GLD,low,-20.2132,9993.02,-0.07,2.89,-2.96,-7.1221,-6.2737,56,0.3036,0.0008,0.0272,0.2366,False,False,True
49,XBI,low,0.9056,9994.22,-0.06,5.29,-5.35,-1.8338,-1.1198,53,0.4906,0.0018,0.0287,0.2342,False,False,False
50,NVDA,low,-7.0685,9999.89,-0.0,13.87,-13.87,-0.0078,-0.0062,54,0.463,0.0039,0.0316,0.2319,False,False,False
51,GLD,low,-21.0321,9989.48,-0.11,-3.76,3.65,-14.4609,-11.662,54,0.2593,0.0011,0.0378,0.2295,False,False,False
52,AAPL,low,-0.458,9980.97,-0.19,-5.11,4.92,-7.4565,-3.6562,49,0.4694,0.0025,0.035,0.2273,False,False,True
53,AAPL,low,0.4171,9978.07,-0.22,10.78,-11.0,-10.1528,-4.998,52,0.4038,0.0027,0.0373,0.225,False,False,False
54,GLD,low,-2.548,9997.53,-0.02,4.63,-4.65,-1.1798,-1.3582,53,0.3208,0.0012,0.0367,0.2227,False,False,True
55,XBI,low,1.3015,9999.08,-0.01,7.3,-7.31,-0.3694,-0.3005,53,0.5283,0.0016,0.0345,0.2205,False,False,False
56,IWM,low,-15.5106,9983.36,-0.17,2.29,-2.46,-12.3036,-7.934,48,0.2917,0.0017,0.0378,0.2183,False,False,True
57,NVDA,low,3.0108,9974.01,-0.26,13.29,-13.55,-7.894,-5.2667,49,0.4694,0.0026,0.0388,0.2161,False,False,True
58,GLD,low,-17.616,9993.17,-0.07,3.92,-3.99,-8.1763,-7.9205,52,0.3077,0.0009,0.0401,0.214,False,False,True
59,AAPL,low,3.0016,9990.46,-0.1,-6.57,6.47,-4.1118,-3.4405,53,0.3962,0.0016,0.0381,0.2119,False,False,False
60,AAPL,low,-2.1725,9999.84,-0.0,2.26,-2.26,-0.0857,-0.069,47,0.5532,0.0011,0.0301,0.2097,False,False,True
61,AAPL,low,-17.6896,9986.2,-0.14,3.8,-3.94,-9.8788,-5.6877,48,0.3542,0.0018,0.0312,0.2077,False,False,True
62,SPY,low,0.4497,9996.87,-0.03,4.12,-4.15,-3.0289,-2.5146,49,0.3265,0.0008,0.0268,0.2056,False,False,False
1,XBI,low,-7.2862,9992.15,-0.08,-3.34,3.26,-4.7676,-3.16,46,0.413,0.0014,0.0281,0.2035,False,False,False
1,NVDA,low,-3.4711,9968.11,-0.32,12.44,-12.76,-4.6784,-2.7148,23,0.3913,0.0046,0.0349,0.2035,False,False,True
2,XBI,low,-16.6151,10017.97,0.18,-5.66,5.84,5.2803,7.4091,31,0.3871,0.0022,0.0343,0.2015,False,False,True
1,AAPL,low,-13.6489,9993.9,-0.06,2.23,-2.29,-1.5046,-1.2687,28,0.4643,0.0026,0.0359,0.1995,False,False,True
1,XBI,low,-27.1772,9970.54,-0.29,-2.5,2.21,-8.1463,-6.6186,29,0.3448,0.0041,0.0316,0.1995,False,False,True
2,SPY,low,-7.1835,9993.38,-0.07,-0.17,0.1,-6.4293,-5.3039,29,0.3448,0.0008,0.0287,0.1975,False,False,True
3,XBI,low,-17.3748,9977.08,-0.23,3.97,-4.2,-6.6799,-5.2469,33,0.303,0.0027,0.0303,0.1955,False,False,True
4,GLD,low,7.5997,10019.31,0.19,-0.94,1.13,4.3369,5.1791,29,0.5517,0.0015,0.0277,0.1936,False,False,False
5,NVDA,low,-15.3609,10000.99,0.01,9.81,-9.8,0.1892,0.2101,28,0.4286,0.0025,0.0312,0.1916,False,False,True
1,IWM,low,-1.6216,9995.21,-0.05,3.85,-3.9,-2.9338,-2.6823,31,0.4516,0.001,0.0294,0.1897,False,False,True
2,AAPL,low,14.1335,10009.74,0.1,0.88,-0.78,3.3395,2.9443,29,0.5517,0.0013,0.029,0.1878,False,False,False
3,IWM,low,-8.5556,9995.39,-0.05,-0.94,0.89,-2.4469,-2.0888,31,0.4839,0.0017,0.0345,0.186,False,False,False
4,SPY,low,-12.0236,9994.1,-0.06,1.08,-1.14,-4.9872,-4.2982,29,0.4138,0.0008,0.0328,0.1841,False,False,True
5,SPY,low,-3.3891,9993.13,-0.07,-3.55,3.48,-4.5304,-4.656,29,0.4483,0.0007,0.0308,0.1823,False,False,False
1,XLE,low,8.1414,9990.07,-0.1,-2.23,2.13,-2.9087,-2.1108,29,0.6207,0.0038,0.0223,0.1805,False,False,False
2,IWM,low,-5.3298,9998.02,-0.02,-10.05,10.03,-0.2976,-0.2683,30,0.5333,0.0031,0.0261,0.1787,False,False,False
3,IWM,low,14.5918,10014.42,0.14,7.37,-7.23,2.5932,2.073,29,0.5172,0.0023,0.0246,0.1769,False,False,True
4,XBI,low,-24.8561,9986.35,-0.14,-4.67,4.53,-3.1804,-2.267,26,0.5385,0.0024,0.0231,0.1751,False,False,True
5,XBI,low,7.1945,9980.33,-0.2,-16.23,16.03,-2.4903,-1.9677,26,0.4615,0.0058,0.0231,0.1734,False,False,False
1,NVDA,low,26.9758,10090.15,0.9,9.44,-8.54,10.6277,9.754,24,0.7083,0.0032,0.0262,0.1716,True,False,False
2,GLD,low,-13.5711,9994.52,-0.05,0.07,-0.12,-3.5812,-2.282,28,0.5,0.001,0.0224,0.1699,False,False,False
3,XBI,low,3.2793,10034.25,0.34,2.36,-2.02,4.2547,4.3807,27,0.5926,0.0035,0.0232,0.1682,False,False,True
4,SPY,low,-23.0144,9978.74,-0.21,1.45,-1.66,-4.5855,-4.5148,27,0.4444,0.0027,0.0214,0.1666,False,False,True
5,GLD,low,-31.9684,9983.81,-0.16,-2.26,2.1,-10.726,-6.3394,29,0.3793,0.0017,0.0236,0.1649,False,False,True
1,AAPL,low,-19.0908,9984.62,-0.15,2.45,-2.6,-7.8874,-6.4465,24,0.1667,0.0022,0.0223,0.1632,False,False,False
2,NVDA,low,6.884,9998.32,-0.02,18.61,-18.63,-0.327,-0.232,18,0.3889,0.0033,0.0256,0.1616,False,False,True
3,SPY,low,2.157,10039.61,0.4,6.45,-6.05,7.5489,8.8809,28,0.5357,0.0018,0.0254,0.16,False,False,True
4,GLD,low,-13.9567,9994.31,-0.06,3.48,-3.54,-5.1446,-4.3895,26,0.3462,0.0009,0.0243,0.1584,False,False,False
5,NVDA,low,-4.4994,9984.91,-0.15,9.35,-9.5,-6.4105,-5.8347,26,0.3846,0.0024,0.0239,0.1568,False,False,True
1,IWM,low,-1.0915,10018.83,0.19,-3.86,4.05,3.1029,3.6706,26,0.6154,0.0024,0.0267,0.156,False,False,False
1,GLD,low,-15.6193,9987.18,-0.13,-1.63,1.5,-10.4502,-8.3186,24,0.3333,0.0014,0.0261,0.1553,False,False,True
2,XBI,low,-2.7326,9988.13,-0.12,6.45,-6.57,-2.6148,-2.4123,25,0.48,0.0033,0.0209,0.1545,False,False,True
3,NVDA,low,-19.4735,9983.84,-0.16,12.79,-12.95,-3.4606,-2.3044,21,0.4762,0.0041,0.0205,0.1537,False,False,False
4,XLE,low,-5.4399,9993.44,-0.07,-1.35,1.28,-1.8747,-1.3448,26,0.4231,0.002,0.0211,0.1529,False,False,True
5,XBI,low,-1.5707,9987.9,-0.12,1.82,-1.94,-3.384,-2.3898,27,0.4815,0.0019,0.0174,0.1522,False,False,True
1,AAPL,low,-22.0615,9979.12,-0.21,-5.58,5.37,-6.6327,-4.7123,23,0.3043,0.003,0.0143,0.1514,False,False,True
2,NVDA,low,-8.4759,10023.05,0.23,-75.91,76.14,4.0169,4.0921,26,0.5,0.0019,0.0157,0.1507,False,False,True
3,XLE,low,-18.8432,9988.61,-0.11,14.59,-14.7,-2.9531,-2.6646,23,0.4783,0.0022,0.0152,0.2499,False,False,True
4,XBI,low,-18.6413,9993.03,-0.07,-6.76,6.69,-0.8283,-0.6762,34,0.5,0.0066,0.0101,0.2487,False,False,True
5,XLE,low,0.6046,10004.47,0.04,2.85,-2.81,0.807,0.8712,33,0.5758,0.0032,0.0118,0.2474,False,False,True
1,IWM,low,-7.4481,9987.24,-0.13,1.52,-1.65,-6.659,-5.6869,33,0.4848,0.0021,0.0093,0.2462,False,False,False
2,XBI,low,4.3258,10021.21,0.21,-2.19,2.4,1.9276,1.6289,34,0.5,0.0037,0.0086,0.245,False,False,True
3,NVDA,low,-33.1932,9994.07,-0.06,12.83,-12.89,-0.9172,-1.0008,33,0.5152,0.0025,0.0112,0.2437,False,False,True
4,IWM,low,-6.8496,9990.69,-0.09,-4.48,4.39,-3.889,-4.145,35,0.4286,0.0016,0.0072,0.2425,False,False,False
5,XBI,low,-0.1096,9964.67,-0.35,4.47,-4.82,-8.1248,-5.0866,27,0.4444,0.0057,0.0117,0.2413,False,False,True
1,SPY,low,-24.3299,9977.64,-0.22,-0.82,0.6,-8.834,-7.9942,33,0.3636,0.0024,0.0104,0.2401,False,False,True
2,SPY,low,-35.0863,9988.21,-0.12,3.64,-3.76,-6.3313,-6.0992,32,0.375,0.0013,0.0146,0.2389,False,False,False
3,XBI,low,8.6083,10029.01,0.29,-8.28,8.57,2.5634,2.8177,35,0.6286,0.0038,0.0161,0.2377,False,False,True
4,IWM,low,-21.7454,9982.06,-0.18,3.05,-3.23,-4.7049,-4.8238,33,0.4545,0.0028,0.0199,0.2365,False,False,False
5,AAPL,low,-35.9002,9983.05,-0.17,4.97,-5.14,-6.1407,-5.3312,34,0.2647,0.003,0.0167,0.2353,False,False,False
1,XBI,low,-25.6791,9986.13,-0.14,0.7,-0.84,-4.0082,-3.6278,33,0.4242,0.0037,0.0151,0.2341,False,False,False
2,XBI,low,-53.3758,9986.29,-0.14,-9.66,9.52,-5.8687,-4.9908,33,0.4848,0.0018,0.012,0.233,False,False,True
3,XLE,low,-0.4168,10003.09,0.03,8.13,-8.1,0.5451,0.5358,34,0.4412,0.0026,0.0155,0.2318,False,False,False
4,NVDA,low,-6.727,10032.95,0.33,13.5,-13.17,2.0439,2.3522,32,0.5312,0.0045,0.0145,0.2307,False,False,False
5,IWM,low,-8.4774,10035.57,0.36,-0.1,0.46,10.6044,13.0915,34,0.5882,0.0007,0.0135,0.2295,False,False,True
1,SPY,low,0.6063,9999.33,-0.01,-1.57,1.56,-0.4004,-0.3692,34,0.4412,0.0014,0.0173,0.2284,False,False,False
2,GLD,low,-28.1232,9983.09,-0.17,-1.54,1.37,-7.8435,-5.6871,33,0.4242,0.0018,0.0215,0.2272,False,False,False
3,AAPL,low,-45.7365,9981.72,-0.18,-76.89,76.71,-5.8125,-4.183,19,0.4211,0.002,0.016,0.2261,False,False,False
4,GLD,low,-0.4577,9985.28,-0.15,-3.48,3.33,-5.2136,-3.0654,33,0.4242,0.0019,0.0198,0.2249,False,False,False
5,XBI,low,-16.3875,9990.32,-0.1,0.14,-0.24,-4.0778,-3.4026,32,0.4062,0.0016,0.0192,0.2238,False,False,True
1,XBI,low,0.7109,10001.87,0.02,6.11,-6.09,0.3815,0.4241,33,0.5455,0.0022,0.0193,0.2227,False,False,True
2,AAPL,low,-8.259,9998.5,-0.02,1.21,-1.23,-0.266,-0.2936,31,0.4839,0.0028,0.0173,0.2216,False,False,False
3,XBI,low,0.3954,9974.56,-0.25,4.63,-4.88,-5.4075,-3.05,21,0.4762,0.0026,0.0184,0.2205,False,False,True
4,XLE,low,-5.3766,9997.03,-0.03,-2.87,2.84,-1.0661,-0.908,32,0.5625,0.0011,0.0184,0.2194,False,False,True
5,GLD,low,-10.6035,9995.09,-0.05,-1.91,1.86,-5.8676,-4.6704,34,0.2941,0.0006,0.0162,0.2183,False,False,False
1,GLD,low,-2.3477,9994.06,-0.06,-2.5,2.44,-3.5136,-2.7085,32,0.4375,0.001,0.0159,0.2172,False,False,False
2,XBI,low,-9.2441,9974.71,-0.25,-7.0,6.75,-5.3346,-4.4204,32,0.5,0.0026,0.017,0.2161,False,False,False
3,XBI,low,-38.9163,9985.01,-0.15,-8.95,8.8,-9.1092,-7.6439,33,0.4242,0.0017,0.0165,0.215,False,False,True
4,IWM,low,-7.1887,10030.16,0.3,4.99,-4.69,4.434,5.85,33,0.4848,0.0044,0.0159,0.2139,False,False,True
5,IWM,low,-46.1632,9986.1,-0.14,-3.32,3.18,-7.5502,-6.9906,32,0.2812,0.002,0.0168,0.2129,False,False,True
1,XBI,low,10.0031,10118.12,1.18,3.99,-2.81,13.994,19.5093,31,0.6452,0.0021,0.0168,0.2118,True,False,False
2,AAPL,low,-7.8008,10002.95,0.03,14.3,-14.27,0.3989,0.8221,31,0.4839,0.0035,0.0167,0.2108,False,False,True
3,IWM,low,5.7069,10020.47,0.2,0.44,-0.24,7.2646,8.2425,32,0.5312,0.0011,0.0124,0.2097,False,False,True
4,SPY,low,-14.079,9987.17,-0.13,-0.94,0.81,-3.4999,-2.8407,31,0.3871,0.0017,0.0134,0.2087,False,False,True
5,GLD,low,-23.0322,9995.05,-0.05,1.63,-1.68,-4.7611,-4.9646,32,0.375,0.0009,0.0106,0.2076,False,False,True
1,AAPL,low,-9.2607,10005.79,0.06,11.32,-11.26,1.6924,1.9472,33,0.4242,0.0026,0.0113,0.2066,False,False,False
2,IWM,low,1.0532,10081.21,0.81,8.03,-7.22,6.0448,17.4633,31,0.4839,0.0028,0.0116,0.2055,False,False,False
3,AAPL,low,-2.1263,9997.86,-0.02,2.35,-2.37,-0.471,-0.4006,29,0.4828,0.0015,0.0097,0.2045,False,False,False
4,GLD,low,-19.0058,9982.15,-0.18,2.91,-3.09,-6.3074,-3.984,30,0.4667,0.0024,0.0105,0.2035,False,False,False
5,AAPL,low,-24.6035,9979.56,-0.2,4.53,-4.73,-8.5346,-6.3781,26,0.5,0.0027,0.0138,0.2025,False,False,False
1,NVDA,low,-0.3654,9990.4,-0.1,10.17,-10.27,-3.2677,-3.1114,27,0.4074,0.0023,0.0125,0.2015,False,False,True
2,IWM,low,-4.1212,9992.43,-0.08,-0.13,0.05,-2.4945,-2.6176,30,0.3667,0.0018,0.0088,0.2004,False,False,True
3,XLE,low,5.3586,10023.26,0.23,3.67,-3.44,3.8044,5.2468,32,0.5,0.0024,0.0078,0.1994,False,False,False
4,NVDA,low,-2.1162,9969.66,-0.3,11.39,-11.69,-5.4474,-3.793,31,0.4839,0.0041,0.0073,0.1984,False,False,True
5,XLE,low,-8.636,9988.51,-0.11,-2.05,1.94,-3.579,-2.4222,30,0.6,0.0016,0.0069,0.1975,False,False,False
6,IWM,low,-12.0422,9972.77,-0.27,3.29,-3.56,-7.1578,-6.7535,30,0.4667,0.0033,0.0033,0.1965,False,False,False
7,SPY,low,-21.3936,9981.71,-0.18,-1.79,1.61,-13.1938,-10.8529,30,0.3667,0.0019,0.0062,0.1955,False,False,False
8,AAPL,low,-7.4688,10002.44,0.02,10.63,-10.61,0.5175,0.5522,32,0.5625,0.0031,0.0056,0.1945,False,False,False
9,XBI,low,2.0564,9999.48,-0.01,0.29,-0.3,-0.0775,-0.0637,31,0.5161,0.0035,0.0051,0.1935,False,False,True
10,GLD,low,-29.143,9991.81,-0.08,-2.23,2.15,-8.65,-7.6835,31,0.2903,0.001,0.0004,0.1926,False,False,True
11,SPY,low,-23.2578,9991.39,-0.09,3.07,-3.16,-7.2751,-5.4931,31,0.4194,0.0009,0.0015,0.1916,False,False,False
12,XBI,low,-18.7441,9974.72,-0.25,2.33,-2.58,-10.7462,-7.2655,30,0.3333,0.0026,0.0031,0.1906,False,False,True
13,XLE,low,7.064,10009.45,0.09,-4.3,4.39,2.0467,1.7011,30,0.5,0.0027,0.0062,0.1897,False,False,True
14,XBI,low,32.7939,10083.12,0.83,-5.57,6.4,8.4789,9.174,32,0.6562,0.0031,0.0044,0.1887,False,False,False
15,GLD,low,-15.7673,9997.87,-0.02,1.99,-2.01,-0.9768,-0.8563,31,0.4194,0.0015,0.0029,0.1878,False,False,True
1,AAPL,low,-18.7957,9980.53,-0.19,-3.12,2.93,-7.4112,-6.2563,31,0.3548,0.0023,0.0024,0.1869,False,False,True
2,IWM,low,-22.5051,9990.09,-0.1,0.15,-0.25,-6.9082,-6.942,29,0.3448,0.0011,0.0012,0.1859,False,False,True
3,IWM,low,-32.6418,9981.19,-0.19,4.7,-4.89,-10.3894,-8.5889,30,0.3667,0.0019,0.0002,0.185,False,False,False
4,NVDA,low,-18.0577,9893.68,-1.06,13.87,-14.93,-5.1674,-2.6985,28,0.5357,0.012,0.0016,0.1841,False,False,False
5,XBI,low,-18.1772,9985.83,-0.14,0.18,-0.32,-5.1263,-4.8687,29,0.4138,0.002,-0.0012,0.1832,False,False,True
6,XLE,low,-15.1933,9976.38,-0.24,8.69,-8.93,-4.6839,-4.6281,32,0.25,0.0038,-0.0022,0.1822,False,False,True
7,XLE,low,-16.8851,9994.16,-0.06,-6.74,6.68,-0.8078,-0.5927,29,0.4828,0.004,-0.0044,0.1813,False,False,True
8,IWM,low,-3.6869,10006.77,0.07,0.99,-0.92,1.482,1.5984,31,0.4839,0.0027,-0.005,0.1804,False,False,True
9,AAPL,low,-17.4339,9988.65,-0.11,2.66,-2.77,-4.3937,-4.2543,31,0.2903,0.0024,-0.0073,0.1795,False,False,False
10,NVDA,low,-1.5087,9993.61,-0.06,-20.37,20.31,-1.1064,-0.7852,22,0.4545,0.0027,-0.0073,0.1786,False,False,False
1,SPY,low,-20.0096,9989.14,-0.11,1.48,-1.59,-7.9258,-5.821,28,0.3929,0.0015,-0.0048,0.1777,False,False,True
2,AAPL,low,-15.3945,9976.38,-0.24,-1.04,0.8,-8.4487,-6.1903,30,0.3333,0.0026,-0.007,0.1768,False,False,True
3,NVDA,low,-6.6819,9991.97,-0.08,7.64,-7.72,-1.5789,-1.6463,26,0.3462,0.0044,-0.008,0.176,False,False,False
4,NVDA,low,-6.7888,9993.57,-0.06,-3.53,3.47,-1.5232,-1.3424,29,0.5517,0.0019,-0.0052,0.1751,False,False,True
5,NVDA,low,-49.7761,9978.37,-0.22,11.63,-11.85,-6.601,-4.9036,27,0.5185,0.0024,-0.0031,0.1742,False,False,True
6,GLD,low,-34.8832,9983.17,-0.17,-0.71,0.54,-15.125,-12.2802,28,0.3214,0.0017,-0.0059,0.1733,False,False,True
7,AAPL,low,-9.1755,9997.11,-0.03,5.06,-5.09,-1.0095,-0.9416,30,0.5,0.0016,-0.0078,0.1725,False,False,False
8,NVDA,low,-10.9536,9975.09,-0.25,-13.97,13.72,-3.1919,-2.9911,25,0.48,0.005,-0.0052,0.1716,False,False,True
9,XLE,low,1.6019,9991.93,-0.08,0.57,-0.65,-3.4084,-3.0328,27,0.4444,0.0016,-0.0053,0.1707,False,False,False
10,SPY,low,-17.5222,9993.07,-0.07,0.65,-0.72,-7.4753,-6.7898,27,0.2963,0.0008,-0.0055,0.1699,False,False,False
11,SPY,low,-14.2073,9988.67,-0.11,1.41,-1.52,-3.042,-2.8163,27,0.4444,0.0024,-0.0065,0.169,False,False,False
12,GLD,low,-0.8476,9996.11,-0.04,2.55,-2.59,-1.9202,-2.0176,25,0.36,0.0013,-0.0044,0.1682,False,False,True
13,IWM,low,-27.7106,9986.09,-0.14,2.49,-2.63,-7.1645,-5.906,26,0.3462,0.0021,-0.0024,0.1674,False,False,False
14,IWM,low,-3.5728,9984.61,-0.15,8.72,-8.87,-4.4129,-3.8991,29,0.4138,0.0027,-0.003,0.1665,False,False,True
15,XBI,low,-17.3203,9984.07,-0.16,-7.16,7.0,-6.452,-4.5981,26,0.4615,0.0019,-0.0036,0.1657,False,False,False
16,IWM,low,5.0337,10000.57,0.01,0.97,-0.96,0.1488,0.1289,26,0.6923,0.0021,-0.0039,0.1649,False,False,False
17,GLD,low,-0.1058,9987.86,-0.12,-1.66,1.54,-7.9816,-5.5029,29,0.5517,0.0015,-0.0051,0.164,False,False,True
18,XBI,low,-3.1551,9991.92,-0.08,-6.43,6.35,-1.5568,-0.9248,25,0.6,0.0026,-0.0047,0.1632,False,False,False
19,XBI,low,-33.0756,9988.9,-0.11,-7.23,7.12,-2.9981,-1.8893,28,0.5357,0.0019,-0.0052,0.1624,False,False,True
20,SPY,low,12.5532,10026.48,0.26,-1.24,1.5,4.2329,6.1931,24,0.5,0.0018,-0.0027,0.1616,False,False,True
21,SPY,low,-22.9258,9971.67,-0.28,-8.36,8.08,-9.5546,-7.5432,28,0.2857,0.0034,-0.0055,0.1608,False,False,False
22,SPY,low,2.1388,9995.25,-0.05,2.3,-2.35,-1.8046,-1.341,26,0.4615,0.0017,-0.0032,0.16,False,False,True
23,XLE,low,7.3312,10009.54,0.1,-10.67,10.77,1.54,1.8704,25,0.52,0.0023,-0.0039,0.1592,False,False,True
24,XBI,low,-3.6844,9987.92,-0.12,0.37,-0.49,-4.9801,-3.7947,24,0.3333,0.0023,-0.0036,0.1584,False,False,False
25,XLE,low,-26.4,9965.39,-0.35,2.83,-3.18,-11.014,-8.4671,26,0.3077,0.0046,-0.003,0.1576,False,False,True
26,SPY,low,-2.481,9998.39,-0.02,3.01,-3.03,-1.6629,-1.2617,27,0.4444,0.0007,-0.0033,0.1568,False,False,False
27,XBI,low,2.6885,9969.35,-0.31,-9.78,9.47,-6.4931,-3.8388,21,0.2857,0.0033,-0.0031,0.156,False,False,False
28,XLE,low,-16.7096,9990.73,-0.09,-2.66,2.57,-3.0721,-1.9692,26,0.4615,0.0017,-0.0017,0.1552,False,False,False
29,XBI,low,-10.7388,9982.84,-0.17,-0.64,0.47,-5.3309,-3.7458,25,0.4,0.0033,-0.0003,0.1545,False,False,True
30,GLD,low,-12.7033,9996.37,-0.04,-0.4,0.36,-1.8929,-2.3762,23,0.3043,0.0012,0.0005,0.1537,False,False,True
1,XLE,low,-5.3419,9991.55,-0.08,5.21,-5.29,-3.3175,-2.4208,23,0.4348,0.0015,-0.0008,0.1529,False,False,True
2,AAPL,low,3.7947,9989.91,-0.1,9.0,-9.1,-3.7072,-2.4351,24,0.5417,0.0015,-0.001,0.1522,False,False,False
3,IWM,low,1.7909,9986.52,-0.13,2.62,-2.75,-3.8893,-3.014,25,0.44,0.002,0.0025,0.1514,False,False,True
4,XBI,low,-6.3219,9987.92,-0.12,-3.07,2.95,-4.8281,-3.6279,24,0.3333,0.0028,0.0019,0.1506,False,False,False
5,XLE,low,-12.9451,9971.11,-0.29,-4.72,4.43,-7.2254,-4.6567,21,0.3333,0.0029,0.0023,0.2499,False,False,True
6,SPY,low,-26.3134,9982.25,-0.18,0.56,-0.74,-10.1731,-7.7848,35,0.4286,0.002,0.0018,0.2486,False,False,False
7,SPY,low,-29.0811,9959.57,-0.4,-3.52,3.12,-7.3234,-4.2431,33,0.3636,0.0046,-0.0014,0.2474,False,False,False
8,GLD,low,-31.4118,9975.96,-0.24,-2.81,2.57,-13.043,-9.5286,33,0.2727,0.0026,0.0048,0.2462,False,False,True
9,XLE,low,-15.8776,9971.07,-0.29,1.26,-1.55,-7.0508,-4.961,31,0.3871,0.0035,0.0067,0.2449,False,False,True
10,IWM,low,-3.4035,10003.69,0.04,-4.31,4.35,1.2463,1.058,33,0.5455,0.0013,0.0014,0.2437,False,False,True
11,SPY,low,-17.5373,9991.98,-0.08,-0.35,0.27,-3.0939,-2.7204,33,0.4848,0.0014,0.0043,0.2425,False,False,False
12,IWM,low,-19.6891,9988.89,-0.11,0.48,-0.59,-6.112,-6.2757,34,0.3529,0.0016,0.0066,0.2413,False,False,True
13,XLE,low,-13.9255,9974.82,-0.25,6.23,-6.48,-7.8202,-6.1887,31,0.4839,0.0031,0.0101,0.2401,False,False,False
14,XLE,low,5.9004,10040.34,0.4,0.29,0.11,7.6357,11.3945,34,0.5882,0.0018,0.005,0.2389,False,False,False
15,XLE,low,12.5862,10023.96,0.24,0.14,0.1,3.5172,2.778,33,0.6667,0.0036,0.0071,0.2377,False,False,False
16,NVDA,low,-1.6007,9971.12,-0.29,-22.15,21.86,-3.8321,-3.0591,30,0.4333,0.006,0.0102,0.2365,False,False,False
17,AAPL,low,-12.7986,9991.61,-0.08,10.57,-10.65,-3.4751,-2.7601,32,0.4375,0.0015,0.0052,0.2353,False,False,True
18,XLE,low,-4.178,10011.6,0.12,7.2,-7.08,1.9474,2.9331,34,0.5,0.0025,0.0022,0.2341,False,False,False
1,SPY,low,3.1251,9999.48,-0.01,3.72,-3.73,-0.6246,-0.6882,34,0.4412,0.0005,0.0064,0.2329,False,False,True
2,GLD,low,-44.34,9982.7,-0.17,5.13,-5.3,-9.222,-7.2552,33,0.3636,0.0021,0.0015,0.2318,False,False,True
3,XLE,low,-14.9764,9980.09,-0.2,-6.83,6.63,-7.5392,-6.1081,31,0.4516,0.0027,0.002,0.2306,False,False,False
4,IWM,low,-6.4309,10004.28,0.04,-1.77,1.81,1.0478,1.2098,34,0.4706,0.0014,-0.0031,0.2295,False,False,False
5,NVDA,low,-16.8244,9980.2,-0.2,-9.89,9.69,-4.8697,-3.101,20,0.4,0.0025,-0.0042,0.2283,False,False,False
6,IWM,low,-1.3729,10014.88,0.15,2.19,-2.04,2.6874,3.5206,34,0.5,0.0022,-0.0029,0.2272,False,False,False
7,XLE,low,-9.051,10021.36,0.21,0.41,-0.2,3.1308,4.934,33,0.4848,0.0019,0.0007,0.226,False,False,False
8,IWM,low,-32.8762,9992.73,-0.07,5.84,-5.91,-2.422,-2.4347,32,0.375,0.0018,0.0035,0.2249,False,False,True
9,IWM,low,-10.3022,9996.41,-0.04,5.58,-5.62,-1.9475,-1.9915,33,0.4848,0.0014,-0.0008,0.2238,False,False,True
10,NVDA,low,-7.6641,10021.82,0.22,11.09,-10.87,2.0434,2.16,32,0.375,0.0045,-0.001,0.2227,False,False,True
11,SPY,low,-25.7798,9983.54,-0.16,-4.68,4.52,-9.6581,-7.291,32,0.4375,0.0017,-0.0053,0.2216,False,False,True
12,NVDA,low,2.8319,10019.25,0.19,-6.71,6.9,3.0756,3.1342,32,0.5625,0.002,-0.0068,0.2204,False,False,False
13,GLD,low,-19.3039,9985.7,-0.14,1.2,-1.34,-11.4364,-8.3394,31,0.2581,0.0014,-0.0066,0.2193,False,False,False
14,SPY,low,-16.4719,9995.8,-0.04,2.78,-2.82,-4.4881,-3.3657,33,0.3939,0.0007,-0.0059,0.2182,False,False,True
15,GLD,low,17.7253,9996.48,-0.04,4.31,-4.35,-2.373,-1.7516,33,0.4545,0.001,-0.0055,0.2172,False,False,True
16,AAPL,low,6.3477,9994.76,-0.05,6.81,-6.86,-0.6012,-0.4272,31,0.5484,0.0044,-0.0062,0.2161,False,False,True
17,XLE,low,-11.3915,10008.18,0.08,2.21,-2.13,1.4263,1.4496,32,0.4688,0.0031,-0.0036,0.215,False,False,True
18,AAPL,low,-7.0394,10000.63,0.01,-1.51,1.52,0.1441,0.1569,32,0.4688,0.0025,0.0017,0.2139,False,False,False
1,XBI,low,-13.965,9996.92,-0.03,2.86,-2.89,-0.7035,-0.6856,33,0.4848,0.0021,-0.0016,0.2128,False,False,True
2,XBI,low,2.4097,9974.42,-0.26,13.81,-14.07,-3.7559,-2.2855,31,0.5806,0.0041,-0.0011,0.2118,False,False,False
3,XBI,low,-15.8104,9960.76,-0.39,13.04,-13.43,-6.8799,-5.0411,27,0.3333,0.0065,-0.0023,0.2107,False,False,False
4,SPY,low,-12.6138,9988.81,-0.11,-0.33,0.22,-4.1833,-3.371,31,0.3871,0.0024,-0.0014,0.2097,False,False,False
5,SPY,low,-12.0377,9986.3,-0.14,2.02,-2.16,-4.7418,-3.2523,33,0.4848,0.002,0.0006,0.2086,False,False,False
6,XBI,low,12.3961,10009.78,0.1,4.81,-4.71,1.6655,2.0663,33,0.4848,0.0026,0.0034,0.2076,False,False,True
7,SPY,low,-8.8881,9996.11,-0.04,-0.08,0.04,-3.6708,-3.2803,32,0.375,0.0005,0.003,0.2065,False,False,True
8,SPY,low,-11.2205,9990.03,-0.1,-0.22,0.12,-5.4786,-3.8732,33,0.3939,0.0012,0.0062,0.2055,False,False,True
9,XLE,low,-14.2626,9996.17,-0.04,3.8,-3.84,-1.1663,-1.0489,29,0.5172,0.0022,0.0089,0.2045,False,False,True
10,SPY,low,-7.8713,9992.62,-0.07,0.86,-0.93,-7.1973,-6.7632,32,0.3125,0.0009,0.008,0.2035,False,False,False
1,XLE,low,-5.6783,9983.27,-0.17,-1.17,1.0,-5.6562,-3.9081,31,0.4839,0.0034,0.0054,0.2024,False,False,False
2,XLE,low,-11.5259,9974.71,-0.25,-5.15,4.9,-7.4112,-5.7242,28,0.2857,0.0028,0.0062,0.2014,False,False,True
1,SPY,low,-1.2701,9996.98,-0.03,1.51,-1.54,-2.1059,-2.3688,32,0.5,0.001,0.0027,0.2004,False,False,False
