episode,ticker,total_reward,final_balance,num_trades,win_rate,max_drawdown,std,new_best
1,RELIANCE.NS,-2.9274,6029.37,78,0.4487,0.558,0.2985,False
2,RELIANCE.NS,-4.4571,4671.65,80,0.4,0.5885,0.297,False
3,RELIANCE.NS,-7.0875,4162.56,80,0.4875,0.6287,0.2955,False
1,RELIANCE.NS,-12289.017,4343.22,93,0.4409,0.5661,0.2985,False
2,RELIANCE.NS,-10524.7116,5921.42,94,0.4362,0.469,0.297,False
3,RELIANCE.NS,-11613.5827,9274.47,94,0.4681,0.3002,0.2955,False
4,RELIANCE.NS,-10991.0123,6368.87,91,0.4066,0.4313,0.294,False
5,RELIANCE.NS,-12165.8907,6897.94,89,0.427,0.3856,0.2926,False
1,RELIANCE.NS,152.6258,12611.25,99,0.596,0.2238,0.2911,True
